citation,status,confidence,cl_url,matched_name,matched_court,matched_court_id,diagnostics_cat,diagnostics_msg,syllabus
"Ashcroft v. Iqbal, 556 U.S. 662, 678 (2009)",VERIFIED,1.00,https://www.courtlistener.com/opinion/145875/ashcroft-v-iqbal/,Ashcroft v. Iqbal,Supreme Court of the United States,scotus,,,
"Bell Atlantic Corp. v. Twombly, 550 U.S. 544, 570 (2007)",VERIFIED,1.00,https://www.courtlistener.com/opinion/145730/bell-atlantic-corp-v-twombly/,Bell Atlantic Corp. v. Twombly,Supreme Court of the United States,scotus,,,
"Burtch v. Milberg Factors, Inc., 662 F.3d 212, 220 (3d Cir. 2011)",VERIFIED,1.00,https://www.courtlistener.com/opinion/615939/burtch-v-milberg-factors-inc/,"Burtch v. Milberg Factors, Inc.",Court of Appeals for the Third Circuit,ca3,,,
"Evancho v. Fisher, 423 F.3d 347, 351 (3d Cir. 2005)",VERIFIED,1.00,https://www.courtlistener.com/opinion/3015189/evancho-v-fisher/,Evancho v. Fisher,Court of Appeals for the Third Circuit,ca3,,,
"Phillips v. County of Allegheny, 515 F.3d 224, 232 (3d Cir. 2008)",VERIFIED,1.00,https://www.courtlistener.com/opinion/1387268/phillips-v-county-of-allegheny/,Phillips v. County of Allegheny,Court of Appeals for the Third Circuit,ca3,,,
"Lopez v. Beard, 333 Fed. Appx. 685, 687 (3d Cir. 2009)",VERIFIED,1.00,https://www.courtlistener.com/opinion/3044755/miguel-a-lopez-v-jeffrey-beard/,Miguel A. Lopez v. Jeffrey Beard,Court of Appeals for the Third Circuit,ca3,,,
"Papasan v. Allain, 478 U.S. 265, 286 (1986)",VERIFIED,1.00,https://www.courtlistener.com/opinion/111742/papasan-v-allain/,Papasan v. Allain,,scotus,,,
"Albright v. Oliver, 510 U.S. 266, 271 (1994)",VERIFIED,1.00,https://www.courtlistener.com/opinion/112924/albright-v-oliver/,Albright v. Oliver,,,,,
"Baker v. McCollan, 443 U.S. 137, 144 n.3 (1979)",VERIFIED,1.00,https://www.courtlistener.com/opinion/110132/baker-v-mccollan/,Baker v. McCollan,Supreme Court of the United States,scotus,,,
"Nicini v. Morra, 212 F.3d 798, 806 (3d Cir. 2000)",VERIFIED,1.00,https://www.courtlistener.com/opinion/3011374/nicini-v-morra/,Nicini v. Morra,Court of Appeals for the Third Circuit,ca3,,,
"Monell v. Department of Social Services, 436 U.S. 658, 694 (1978)",VERIFIED,1.00,https://www.courtlistener.com/opinion/109881/monell-v-new-york-city-dept-of-social-servs/,Monell v. New York City Dept. of Social Servs.,Supreme Court of the United States,scotus,,,
"Bombace v. City of Newark, 125 N.J. 361, 367-372 (1991)",VERIFIED,1.00,https://www.courtlistener.com/opinion/2369696/bombace-v-city-of-newark/,Bombace v. City of Newark,Supreme Court of New Jersey,nj,,,
"Alston v. City of Camden, 168 N.J. 170, 186 (2001)",VERIFIED,1.00,https://www.courtlistener.com/opinion/2084582/alston-v-city-of-camden/,Alston v. City of Camden,Supreme Court of New Jersey,nj,,,
"Fielder v. Stonack, 141 N.J. 101, 132 (1995)",VERIFIED,1.00,https://www.courtlistener.com/opinion/1986170/fielder-v-stonack/,Fielder v. Stonack,Supreme Court of New Jersey,nj,,,
"Gurski v. New Jersey State Police Dept., 242 N.J. Super. 148, 163 (1990)",VERIFIED,1.00,https://www.courtlistener.com/opinion/1435402/gurski-v-state-police-dept/,Gurski v. State Police Dept.,New Jersey Superior Court Appellate Division,njsuperctappdiv,,,
"Anderson v. Creighton, 483 U.S. 635, 641 (1987)",VERIFIED,1.00,https://www.courtlistener.com/opinion/111953/anderson-v-creighton/,Anderson v. Creighton,Supreme Court of the United States,scotus,,,
"Kirk v. City of Newark, 109 N.J. 173, 179 (1988)",VERIFIED,1.00,https://www.courtlistener.com/opinion/2350356/kirk-v-city-of-newark/,Kirk v. City of Newark,Supreme Court of New Jersey,nj,,,
"Tice v. Cramer, 133 N.J. 247 (1993)",WRONG_CASE,1.00,https://www.courtlistener.com/opinion/2337093/state-v-reed/,State v. Reed,,,,no party-overlap across cluster/docket/opinion sources,
"Brown v. City of Bordentown, 348 N.J. Super. 143, 148-149, 151 (App. Div. 2002)",VERIFIED,1.00,https://www.courtlistener.com/opinion/1964660/brown-v-city-of-bordentown/,Brown v. City of Bordentown,New Jersey Superior Court Appellate Division,njsuperctappdiv,,,
"Simmons v. Loose, 418 N.J. Super. 206, 222 (App. Div. 2011)",VERIFIED,1.00,https://www.courtlistener.com/opinion/2549578/simmons-v-loose/,Simmons v. Loose,New Jersey Superior Court Appellate Division,njsuperctappdiv,,,
"Schneider v. Simonini, 163 N.J. 336, 356 (2000)",VERIFIED,1.00,https://www.courtlistener.com/opinion/2090114/schneider-v-simonini/,Schneider v. Simonini,Supreme Court of New Jersey,nj,,,
"Passaic County PBA Local 197 v. Office of Passaic County Prosecutor, 385 N.J. Super. 11, 16 (App. Div. 2006)",VERIFIED,1.00,https://www.courtlistener.com/opinion/7404183/passaic-county-pba-local-197-v-office-of-passaic-county-prosecutor/,Passaic County PBA Local 197 v. Office of Passaic County Prosecutor,New Jersey Superior Court Appellate Division,njsuperctappdiv,,,
"Gerofsky v. Passaic County SPCA, 376 N.J. Super. 405, 417 (App. Div. 2005)",VERIFIED,1.00,https://www.courtlistener.com/opinion/2156738/gerofsky-v-passaic-county-soc/,Gerofsky v. PASSAIC COUNTY SOC.,New Jersey Superior Court Appellate Division,njsuperctappdiv,,,
"Williams v. Borough of Clayton, 442 N.J. Super. 583, 599 n.2 (App. Div. 2015)",VERIFIED,1.00,https://www.courtlistener.com/opinion/3121543/stanley-e-williams-v-borough-of-clayton/,Stanley E. Williams v. Borough of Clayton,New Jersey Superior Court Appellate Division,njsuperctappdiv,,,
"Tice v. Cramer, 133 N.J. 247 (1993)",WRONG_CASE,1.00,https://www.courtlistener.com/opinion/2337093/state-v-reed/,State v. Reed,,,,no party-overlap across cluster/docket/opinion sources,
